<configs>
	<!-- Remove names from boxes -->
	<remove xpath="/blocks/block[@name='cntShippingCrateHero']/property[@name='DisplayInfo']"/>
	<remove xpath="/blocks/block[@name='cntShippingCrateShamway']/property[@name='DisplayInfo']"/> <!--
	<remove xpath="/blocks/block[@name='cntShippingCrateLabEquipment']/property[@name='DisplayInfo']"/>
	<remove xpath="/blocks/block[@name='cntShippingCrateBookstore']/property[@name='DisplayInfo']"/>
	<remove xpath="/blocks/block[@name='cntShippingCrateCarParts']/property[@name='DisplayInfo']"/>
	<remove xpath="/blocks/block[@name='cntShippingCrateShotgunMessiah']/property[@name='DisplayInfo']"/>
	<remove xpath="/blocks/block[@name='cntShippingCrateWorkingStiffs']/property[@name='DisplayInfo']"/>
	<remove xpath="/blocks/block[@name='cntShippingCrateSavageCountry']/property[@name='DisplayInfo']"/>
	<remove xpath="/blocks/block[@name='cntShippingCrateMoPowerElectronics']/property[@name='DisplayInfo']"/>
	<remove xpath="/blocks/block[@name='cntShippingCrateShotgunMessiah']/property[@name='DisplayInfo']"/> -->
</configs>